{"cameraMode":{"drawMode":0,"name":"Shaded","section":"Shading Mode"},"sceneLighting":false,"audioPlay":false,"sceneViewState":{"showFog":true,"showMaterialUpdate":false,"showSkybox":false,"showFlares":true,"showImageEffects":true,"showParticleSystems":true},"in2DMode":false,"pivot":{"x":0.2198333442211151,"y":-1.940000057220459,"z":0.0},"rotation":{"x":0.017679566517472268,"y":0.033584579825401309,"z":0.0005945301381871104,"w":-0.9992793798446655},"size":4.259350299835205,"orthographic":false}